year,regime,variant,rule,N,mean_return,median_return,win_rate,p_loss5,p_loss10,p_plus10,p_plus20,p_plus30,avg_holding_days,median_holding_days,early_exit_rate,winner10_retained,winner20_retained,winner30_retained,right_tail_capture,mean_trade_max_drawdown,false_exit_10d,recovery_above_peak_5d,recovery_above_peak_10d
2025,LIMIT_UP,A1_ALL_LOCKED,NO_EARLY_EXIT,5955.0,0.0583032660891247,0.03301712605042026,0.5853904282115869,0.28900083963056256,0.17145256087321578,0.33669185558354325,0.16137699412258608,0.09269521410579346,20.0,20.0,0.0,1.0,1.0,1.0,1.0,-0.08390148257813201,,,
2021,LIMIT_UP,A1_ALL_LOCKED,NO_EARLY_EXIT,5997.0,0.04333344412978825,-0.00793279623824442,0.4822411205602801,0.40136735034183757,0.2674670668667667,0.2879773219943305,0.176088044022011,0.11105552776388194,20.0,20.0,0.0,1.0,1.0,1.0,1.0,-0.10556513460456592,,,
2023,LIMIT_UP,A1_ALL_LOCKED,NO_EARLY_EXIT,3519.0,0.03927783127285927,-0.012294251874062998,0.46746234725774366,0.37539073600454675,0.21000284171639672,0.26115373685706167,0.15146348394430237,0.09235578289286729,20.0,20.0,0.0,1.0,1.0,1.0,1.0,-0.08306963970606893,,,
2024,LIMIT_UP,A1_ALL_LOCKED,NO_EARLY_EXIT,5040.0,0.02846747804503949,-0.019193446507515564,0.4442460317460317,0.4142857142857143,0.25912698412698415,0.251984126984127,0.1492063492063492,0.09186507936507937,20.0,20.0,0.0,1.0,1.0,1.0,1.0,-0.0995068003205111,,,
2026,LIMIT_UP,A1_ALL_LOCKED,NO_EARLY_EXIT,4951.0,0.08079207320661075,0.005546827586206806,0.5114118359927288,0.38315491819834374,0.25974550595839224,0.3476065441324985,0.24277923651787517,0.17006665320137346,20.0,20.0,0.0,1.0,1.0,1.0,1.0,-0.10656566097552778,,,
2022,LIMIT_UP,A1_ALL_LOCKED,NO_EARLY_EXIT,3464.0,0.001995173687421252,-0.030159215260330084,0.4122401847575058,0.4416859122401848,0.28290993071593534,0.21160508083140878,0.11316397228637413,0.059468822170900694,20.0,20.0,0.0,1.0,1.0,1.0,1.0,-0.10495649623470338,,,
2023,LIMIT_UP,A2_HIST2_LOCKED,NO_EARLY_EXIT,905.0,0.032579445017114156,-0.019503882352941124,0.45414364640883975,0.4176795580110497,0.2828729281767956,0.29392265193370165,0.18121546961325966,0.112707182320442,20.0,20.0,0.0,1.0,1.0,1.0,1.0,-0.106011398701272,,,
2021,LIMIT_UP,A2_HIST2_LOCKED,NO_EARLY_EXIT,2078.0,0.044412297361240936,-0.019503882352941124,0.46631376323387874,0.44610202117420594,0.3253128007699711,0.31520692974013476,0.2016361886429259,0.12993262752646775,20.0,20.0,0.0,1.0,1.0,1.0,1.0,-0.1265632622960225,,,
2022,LIMIT_UP,A2_HIST2_LOCKED,NO_EARLY_EXIT,993.0,-0.0029425866926429973,-0.044524027397260385,0.3867069486404834,0.4813695871097684,0.35246727089627394,0.2326283987915408,0.13997985901309165,0.08459214501510574,20.0,20.0,0.0,1.0,1.0,1.0,1.0,-0.1270290725806474,,,
2025,LIMIT_UP,A2_HIST2_LOCKED,NO_EARLY_EXIT,1506.0,0.05745457820128808,0.020174328283843326,0.546480743691899,0.34196547144754313,0.22841965471447542,0.3386454183266932,0.20385126162018594,0.12616201859229748,20.0,20.0,0.0,1.0,1.0,1.0,1.0,-0.09941567359367195,,,
2026,LIMIT_UP,A2_HIST2_LOCKED,NO_EARLY_EXIT,2054.0,0.10489067081389152,0.030620703160638554,0.5472249269717624,0.37098344693281404,0.2726387536514119,0.40165530671859784,0.2940603700097371,0.21470301850048684,20.0,20.0,0.0,1.0,1.0,1.0,1.0,-0.11862719972351599,,,
2024,LIMIT_UP,A2_HIST2_LOCKED,NO_EARLY_EXIT,1605.0,0.02208242916323189,-0.037685975334018545,0.41869158878504675,0.4685358255451713,0.31962616822429907,0.26791277258566976,0.16448598130841122,0.10778816199376948,20.0,20.0,0.0,1.0,1.0,1.0,1.0,-0.12129250792038744,,,
2025,LIMIT_UP,A3_NEAR_LIMIT_LOCKED,NO_EARLY_EXIT,783.0,0.12132682912131995,0.10168914810281512,0.8403575989782887,0.08812260536398467,0.0421455938697318,0.5057471264367817,0.1966794380587484,0.08045977011494253,20.0,20.0,0.0,1.0,1.0,1.0,1.0,-0.055727822364250716,,,
2024,LIMIT_UP,A3_NEAR_LIMIT_LOCKED,NO_EARLY_EXIT,184.0,0.15089745414576633,0.04327671634322047,0.5815217391304348,0.2608695652173913,0.10869565217391304,0.41847826086956524,0.2826086956521739,0.21195652173913043,20.0,20.0,0.0,1.0,1.0,1.0,1.0,-0.03988774710690412,,,
2022,LIMIT_UP,A3_NEAR_LIMIT_LOCKED,NO_EARLY_EXIT,140.0,0.07872095861109067,0.040530232876887146,0.5785714285714286,0.2571428571428571,0.16428571428571428,0.32857142857142857,0.18571428571428572,0.1357142857142857,20.0,20.0,0.0,1.0,1.0,1.0,1.0,-0.05690643923291597,,,
2023,LIMIT_UP,A3_NEAR_LIMIT_LOCKED,NO_EARLY_EXIT,140.0,0.15076399750419314,0.05599090489913536,0.6428571428571429,0.22857142857142856,0.10714285714285714,0.40714285714285714,0.29285714285714287,0.19285714285714287,20.0,20.0,0.0,1.0,1.0,1.0,1.0,-0.035323942560192126,,,
2026,LIMIT_UP,A3_NEAR_LIMIT_LOCKED,NO_EARLY_EXIT,267.0,0.1167793334763224,0.03805914285714293,0.5692883895131086,0.3408239700374532,0.20599250936329588,0.41947565543071164,0.26217228464419473,0.17228464419475656,20.0,20.0,0.0,1.0,1.0,1.0,1.0,-0.06898595219513479,,,
2021,LIMIT_UP,A3_NEAR_LIMIT_LOCKED,NO_EARLY_EXIT,236.0,0.1447579243707724,0.026632005595602495,0.5847457627118644,0.2838983050847458,0.1694915254237288,0.3474576271186441,0.2584745762711864,0.1864406779661017,20.0,20.0,0.0,1.0,1.0,1.0,1.0,-0.059102026571499156,,,
2021,NORMAL,B_NORMAL_MOMENTUM,NO_EARLY_EXIT,6890.0,0.014311451755230598,-0.01831418796305687,0.43671988388969524,0.39013062409288823,0.22249637155297533,0.20638606676342525,0.10928882438316401,0.059941944847605226,20.0,20.0,0.0,1.0,1.0,1.0,1.0,-0.09524707604627955,,,
2022,NORMAL,B_NORMAL_MOMENTUM,NO_EARLY_EXIT,4943.0,-0.017127350433959597,-0.025740408376963373,0.394294962573336,0.4108840784948412,0.24681367590532066,0.1414120979162452,0.051385798098320855,0.02670443050778879,20.0,20.0,0.0,1.0,1.0,1.0,1.0,-0.09583541579436507,,,
2023,NORMAL,B_NORMAL_MOMENTUM,NO_EARLY_EXIT,5484.0,0.020194078288618134,-0.008421378669327326,0.4682713347921225,0.3176513493800146,0.14970824215900802,0.1925601750547046,0.08843909555069293,0.047045951859956234,20.0,20.0,0.0,1.0,1.0,1.0,1.0,-0.07235333931757211,,,
2025,NORMAL,B_NORMAL_MOMENTUM,NO_EARLY_EXIT,6120.0,0.008154989771139627,-0.019859187551245636,0.41568627450980394,0.36666666666666664,0.18611111111111112,0.18006535947712418,0.0892156862745098,0.04738562091503268,20.0,20.0,0.0,1.0,1.0,1.0,1.0,-0.08179345903748957,,,
2026,NORMAL,B_NORMAL_MOMENTUM,NO_EARLY_EXIT,3580.0,0.04129523892742254,-0.016471151750972832,0.45558659217877095,0.3994413407821229,0.25027932960893856,0.2776536312849162,0.17458100558659218,0.11508379888268157,20.0,20.0,0.0,1.0,1.0,1.0,1.0,-0.11106620878640418,,,
2024,NORMAL,B_NORMAL_MOMENTUM,NO_EARLY_EXIT,5774.0,0.008003947277846786,-0.022481479783608014,0.414444059577416,0.39452719085555943,0.21181156910287496,0.19120193972982336,0.0966401108417042,0.05230342916522342,20.0,20.0,0.0,1.0,1.0,1.0,1.0,-0.09577937158666074,,,
2025,LIMIT_UP,A1_ALL_LOCKED,MA20_1D,5955.0,0.031549776443465384,-0.004798,0.47523089840470195,0.30310663308144414,0.109151973131822,0.18673383711167085,0.10394626364399664,0.06633081444164568,10.433417296389589,10.0,0.8154492023509656,0.5286783042394015,0.6305931321540063,0.7065217391304348,0.6708887969793824,-0.056602866973040004,0.32845963756177926,0.36017298187808894,0.4341021416803954
2021,LIMIT_UP,A1_ALL_LOCKED,MA20_1D,5997.0,0.03324432111849627,-0.025949586368977626,0.41687510421877605,0.407703851925963,0.18959479739869936,0.20760380190095049,0.13056528264132067,0.08754377188594298,12.344672336168085,13.0,0.7897281974320494,0.6780544296467863,0.7196969696969697,0.7702702702702703,0.7728023788517793,-0.06366454033981407,0.4075168918918919,0.18010979729729729,0.25675675675675674
2023,LIMIT_UP,A1_ALL_LOCKED,MA20_1D,3519.0,0.03260609192572932,-0.02799387628865971,0.40664961636828645,0.3967036089798238,0.1554418868996874,0.21824381926683717,0.12986643932935493,0.08042057402671214,13.842568911622621,15.0,0.7411196362603012,0.7932535364526659,0.8292682926829268,0.8676923076923077,0.8379512035063517,-0.05630980843858945,0.3101993865030675,0.11004601226993865,0.18673312883435583
2024,LIMIT_UP,A1_ALL_LOCKED,MA20_1D,5040.0,0.02565590970049204,-0.02932284061109106,0.38492063492063494,0.40634920634920635,0.16170634920634921,0.19503968253968254,0.11964285714285715,0.07579365079365079,12.319246031746031,13.0,0.8007936507936508,0.7283464566929134,0.7792553191489362,0.8120950323974082,0.8091926738863207,-0.05982023985770868,0.367195242814668,0.16625371655104063,0.24801783944499503
2026,LIMIT_UP,A1_ALL_LOCKED,MA20_1D,4951.0,0.06458021795525459,-0.024665549668874163,0.42456069480912945,0.3954756614825288,0.17269238537669157,0.26156332054130477,0.18359927287416683,0.13310442334881842,12.606544132498485,13.0,0.7703494243587155,0.7036606624055781,0.7262895174708819,0.7719714964370546,0.7803473567337085,-0.06469048424067278,0.4766649187205034,0.18143681174619822,0.28736234923964343
2022,LIMIT_UP,A1_ALL_LOCKED,MA20_1D,3464.0,0.001511451573387036,-0.0377042239166234,0.3443995381062356,0.4344688221709007,0.171189376443418,0.14809468822170901,0.08342956120092379,0.04387990762124711,11.94919168591224,12.0,0.8169745958429562,0.6480218281036835,0.6964285714285714,0.7281553398058253,0.7228899904563528,-0.06189761502325246,0.31908127208480563,0.1508833922261484,0.22296819787985867
2023,LIMIT_UP,A2_HIST2_LOCKED,MA20_1D,905.0,0.02491335977304376,-0.03637694736842115,0.3988950276243094,0.4607734806629834,0.256353591160221,0.23977900552486187,0.14917127071823205,0.09834254143646409,14.355801104972375,15.0,0.7425414364640884,0.7894736842105263,0.8048780487804879,0.8627450980392157,0.8409945197419263,-0.07551875019692451,0.40029761904761907,0.10416666666666667,0.18601190476190477
2021,LIMIT_UP,A2_HIST2_LOCKED,MA20_1D,2078.0,0.032666367710549274,-0.03587612351317929,0.4095283926852743,0.4542829643888354,0.2598652550529355,0.22666025024061598,0.1453320500481232,0.10057747834456209,12.889316650625602,14.0,0.7954764196342637,0.6778625954198473,0.6992840095465394,0.762962962962963,0.7652508681288978,-0.07874661922656223,0.4543254688445251,0.14337568058076225,0.21355111917725347
2022,LIMIT_UP,A2_HIST2_LOCKED,MA20_1D,993.0,-0.003876027515703075,-0.05025254545454552,0.3162134944612286,0.5025176233635448,0.2799597180261833,0.16012084592145015,0.10171198388721048,0.06445115810674723,12.253776435045317,12.0,0.8207452165156093,0.6536796536796536,0.7050359712230215,0.7380952380952381,0.7452693759835384,-0.08041306724428199,0.3987730061349693,0.13865030674846626,0.2245398773006135
2025,LIMIT_UP,A2_HIST2_LOCKED,MA20_1D,1506.0,0.035698015852310395,-0.021914776915464316,0.4355909694555113,0.38313413014608233,0.19787516600265603,0.24302788844621515,0.15670650730411687,0.10159362549800798,12.830013280212484,14.0,0.7529880478087649,0.692156862745098,0.758957654723127,0.7894736842105263,0.7664240927086864,-0.0669992098647678,0.42239858906525574,0.1984126984126984,0.30246913580246915
2026,LIMIT_UP,A2_HIST2_LOCKED,MA20_1D,2054.0,0.08139876500268788,-0.021080495029089017,0.45034079844206426,0.41285296981499514,0.23125608568646544,0.3008763388510224,0.21762414800389485,0.16455696202531644,13.399221032132424,14.0,0.7502434274586174,0.703030303030303,0.7152317880794702,0.7573696145124716,0.7822863037027241,-0.07597246564347598,0.5678131083711876,0.19208306294613886,0.31343283582089554
2024,LIMIT_UP,A2_HIST2_LOCKED,MA20_1D,1605.0,0.01793966767977534,-0.043607831824062054,0.3582554517133956,0.47725856697819313,0.26292834890965733,0.2161993769470405,0.1320872274143302,0.08722741433021806,13.004984423676012,13.0,0.8105919003115265,0.7465116279069768,0.7765151515151515,0.8034682080924855,0.8180056362247418,-0.07902664527378829,0.42890084550345886,0.1291314373558801,0.2121445042275173
2025,LIMIT_UP,A3_NEAR_LIMIT_LOCKED,MA20_1D,783.0,0.05734954008698094,0.03416303896103909,0.7407407407407407,0.09578544061302682,0.034482758620689655,0.17879948914431673,0.05236270753512133,0.033205619412515965,5.706257982120051,2.0,0.9246487867177522,0.31313131313131315,0.2597402597402597,0.4126984126984127,0.4949781827622568,-0.04619813774178121,0.2969613259668508,0.7458563535911602,0.7817679558011049
2024,LIMIT_UP,A3_NEAR_LIMIT_LOCKED,MA20_1D,184.0,0.13584773182046198,0.013712187335451733,0.532608695652174,0.29891304347826086,0.07608695652173914,0.3804347826086957,0.2717391304347826,0.1956521739130435,14.08695652173913,17.0,0.6739130434782609,0.8571428571428571,0.9230769230769231,0.8974358974358975,0.9060562124325438,-0.019608723795585693,0.3467741935483871,0.13709677419354838,0.21774193548387097
2022,LIMIT_UP,A3_NEAR_LIMIT_LOCKED,MA20_1D,140.0,0.07318889765084018,0.01337597845911084,0.5357142857142857,0.2857142857142857,0.08571428571428572,0.2642857142857143,0.16428571428571428,0.11428571428571428,13.8,16.5,0.7071428571428572,0.7608695652173914,0.8461538461538461,0.8421052631578947,0.8553812599874868,-0.023993425066875487,0.35353535353535354,0.13131313131313133,0.20202020202020202
2023,LIMIT_UP,A3_NEAR_LIMIT_LOCKED,MA20_1D,140.0,0.10717422930345848,0.0428293566258163,0.6571428571428571,0.22142857142857142,0.10714285714285714,0.4,0.2714285714285714,0.15714285714285714,15.392857142857142,18.0,0.6642857142857143,0.9298245614035088,0.8780487804878049,0.8148148148148148,0.7076765972223965,-0.013983498034153656,0.27956989247311825,0.15053763440860216,0.23655913978494625
2026,LIMIT_UP,A3_NEAR_LIMIT_LOCKED,MA20_1D,267.0,0.11656990289124664,0.0313814500723589,0.5580524344569289,0.25842696629213485,0.10112359550561797,0.3857677902621723,0.2247191011235955,0.14606741573033707,14.146067415730338,16.0,0.704119850187266,0.8125,0.7571428571428571,0.8043478260869565,0.8533779233552088,-0.031032328154040816,0.35638297872340424,0.18617021276595744,0.25
2021,LIMIT_UP,A3_NEAR_LIMIT_LOCKED,MA20_1D,236.0,0.12369813020633298,0.024429543625047536,0.5550847457627118,0.2838983050847458,0.1440677966101695,0.3050847457627119,0.2245762711864407,0.15254237288135594,13.847457627118644,16.0,0.711864406779661,0.8414634146341463,0.8524590163934426,0.7954545454545454,0.8433614655584256,-0.02486530456333185,0.4226190476190476,0.1130952380952381,0.19642857142857142
2021,NORMAL,B_NORMAL_MOMENTUM,MA20_1D,6890.0,0.011853246797373273,-0.02703670755028029,0.3420899854862119,0.34107402031930334,0.13178519593613933,0.1613933236574746,0.08780841799709724,0.05065312046444122,12.95878084179971,14.0,0.7671988388969521,0.7566807313642757,0.7888446215139442,0.837772397094431,0.8018660465248365,-0.06120970471189094,0.3206583427922815,0.16818009837306092,0.2758229284903519
2022,NORMAL,B_NORMAL_MOMENTUM,MA20_1D,4943.0,-0.01085090143046923,-0.03252443253234752,0.2969856362532875,0.36172364960550274,0.09629779486142019,0.10095083957111066,0.038438195427877804,0.019421404005664576,11.969451749949423,12.0,0.8132712927372041,0.7024320457796852,0.7401574803149606,0.7196969696969697,0.730979483314262,-0.05559967008626008,0.2325870646766169,0.154726368159204,0.2380597014925373
2023,NORMAL,B_NORMAL_MOMENTUM,MA20_1D,5484.0,0.012736276461920637,-0.02405717964345697,0.3652443471918308,0.3039752005835157,0.06765134938001459,0.15098468271334792,0.0723924142961342,0.03975200583515682,13.480671043034281,14.0,0.7416119620714807,0.7660984848484849,0.8144329896907216,0.8410852713178295,0.7928138009827249,-0.04965236179126909,0.2495697074010327,0.15859355790508975,0.25571674452913695
2025,NORMAL,B_NORMAL_MOMENTUM,MA20_1D,6120.0,0.009648593131178652,-0.021349293600745976,0.35718954248366014,0.30016339869281045,0.09019607843137255,0.1392156862745098,0.07222222222222222,0.04150326797385621,12.712745098039216,13.0,0.8008169934640523,0.7450090744101633,0.8040293040293041,0.8724137931034482,0.8162011804090307,-0.049979764437737315,0.22321975107120995,0.13895123444195062,0.23076923076923078
2026,NORMAL,B_NORMAL_MOMENTUM,MA20_1D,3580.0,0.020774315088054798,-0.03723748768300114,0.3256983240223464,0.43100558659217875,0.1712290502793296,0.1818435754189944,0.11927374301675978,0.08435754189944134,12.103072625698324,12.0,0.7960893854748603,0.6388329979879276,0.6752,0.7330097087378641,0.7187195034823809,-0.0738005058857194,0.40385964912280703,0.18771929824561404,0.29929824561403506
2024,NORMAL,B_NORMAL_MOMENTUM,MA20_1D,5774.0,0.00027455276932582907,-0.03747126732673259,0.2897471423623138,0.4056113612746796,0.11534464842396952,0.1361274679598199,0.07343262902667129,0.04347073086248701,11.737097332871492,12.0,0.8084516799445791,0.6902173913043478,0.7562724014336918,0.8178807947019867,0.7631632512762139,-0.06139707291372256,0.27677806341045413,0.15059982862039417,0.2532133676092545
2025,LIMIT_UP,A1_ALL_LOCKED,MA20_2D,5955.0,0.03272873812362771,-0.004798,0.4827875734676742,0.31452560873215785,0.12560873215785054,0.19848866498740556,0.11066330814441645,0.07170445004198153,11.462132661628884,13.0,0.7501259445843829,0.571072319201995,0.6795005202913632,0.7681159420289855,0.7104333040440188,-0.0628512313145513,0.3288560555182449,0.37541974479516454,0.4398925453324379
2021,LIMIT_UP,A1_ALL_LOCKED,MA20_2D,5997.0,0.03268343139210268,-0.025777020979020935,0.4255461063865266,0.41537435384358845,0.2239453059863265,0.21877605469401368,0.13923628480907121,0.09154577288644322,13.635317658829415,16.0,0.7016841754210439,0.7319050376375217,0.7803030303030303,0.8168168168168168,0.8169502033109423,-0.07463407198846124,0.4028041825095057,0.17347908745247148,0.24096958174904942
2023,LIMIT_UP,A1_ALL_LOCKED,MA20_2D,3519.0,0.032835871112029597,-0.029434058230683156,0.408638817845979,0.4120488775220233,0.17845978971298665,0.22847399829497017,0.13554987212276215,0.08496732026143791,15.185564080704745,17.0,0.64563796533106,0.8520130576713819,0.8799249530956847,0.92,0.8826172392254942,-0.06358201441629784,0.3050176056338028,0.1034330985915493,0.17341549295774647
2024,LIMIT_UP,A1_ALL_LOCKED,MA20_2D,5040.0,0.02562981998327258,-0.03313667843814458,0.39107142857142857,0.42678571428571427,0.20317460317460317,0.20932539682539683,0.13035714285714287,0.08214285714285714,13.736706349206349,15.0,0.7154761904761905,0.8047244094488188,0.8643617021276596,0.8941684665226782,0.8714775041339261,-0.06944084708660957,0.3696616749861342,0.14559068219633944,0.21935662784248475
2026,LIMIT_UP,A1_ALL_LOCKED,MA20_2D,4951.0,0.07071876974978217,-0.021892017094017033,0.43991112906483537,0.40658452837810544,0.2035952332862048,0.2855988689153706,0.2039991920824076,0.14744496061401738,14.265400929105231,16.0,0.6679458695213089,0.7919814061592098,0.8261231281198004,0.8646080760095012,0.8533354656453332,-0.07536064764147332,0.4417901421227699,0.15603265799818566,0.24463259752041125
2022,LIMIT_UP,A1_ALL_LOCKED,MA20_2D,3464.0,0.0024842914610999616,-0.03895686351039926,0.3556581986143187,0.450635103926097,0.19717090069284066,0.16252886836027713,0.09151270207852194,0.049364896073903,13.407621247113164,15.0,0.7280600461893765,0.73806275579809,0.7933673469387755,0.8252427184466019,0.8006975596830848,-0.07117848877098625,0.31165741475019826,0.13758921490880255,0.19468675654242665
2023,LIMIT_UP,A2_HIST2_LOCKED,MA20_2D,905.0,0.025244481750788323,-0.039705597535934306,0.39779005524861877,0.46519337016574586,0.29171270718232045,0.25524861878453037,0.16353591160220995,0.10497237569060773,15.624309392265193,17.0,0.6530386740331492,0.849624060150376,0.8841463414634146,0.9313725490196079,0.9045064185374274,-0.08507869922803084,0.3976311336717428,0.10998307952622674,0.18612521150592218
2021,LIMIT_UP,A2_HIST2_LOCKED,MA20_2D,2078.0,0.030522378073178074,-0.03826652066434913,0.40856592877767084,0.4667949951876805,0.2998075072184793,0.23917228103946103,0.15640038498556305,0.1068334937439846,14.126082771896053,15.0,0.7151106833493744,0.732824427480916,0.7637231503579952,0.8148148148148148,0.8135419955693522,-0.0924468563065825,0.45558546433378194,0.13189771197846567,0.1958277254374159
2022,LIMIT_UP,A2_HIST2_LOCKED,MA20_2D,993.0,-0.002740078577430744,-0.051931757961783426,0.32225579053373615,0.5065458207452165,0.29607250755287007,0.1782477341389728,0.11581067472306143,0.07049345417925479,13.705941591137966,14.0,0.7512588116817724,0.7402597402597403,0.8201438848920863,0.8214285714285714,0.8132485632001163,-0.09083663382416737,0.39946380697050937,0.13404825737265416,0.19302949061662197
2025,LIMIT_UP,A2_HIST2_LOCKED,MA20_2D,1506.0,0.03885292059158421,-0.018121471400394416,0.44621513944223107,0.3751660026560425,0.2098273572377158,0.26228419654714474,0.16666666666666666,0.10624169986719788,13.95617529880478,16.0,0.6726427622841965,0.7588235294117647,0.8175895765472313,0.8421052631578947,0.8199372632725702,-0.07511003760767415,0.41954590325765057,0.20236920039486672,0.29318854886475815
2026,LIMIT_UP,A2_HIST2_LOCKED,MA20_2D,2054.0,0.09229144521570669,-0.013305930380338536,0.4688412852969815,0.4065238558909445,0.2546251217137293,0.33349561830574487,0.24732229795520935,0.188412852969815,15.0491723466407,17.0,0.6285296981499513,0.806060606060606,0.8327814569536424,0.8752834467120182,0.8699159062412232,-0.08816577636549244,0.5135553834237025,0.16189000774593337,0.25484120836560803
2024,LIMIT_UP,A2_HIST2_LOCKED,MA20_2D,1605.0,0.01793694125853721,-0.05143012435233166,0.35700934579439253,0.5009345794392523,0.30965732087227416,0.23052959501557632,0.14890965732087227,0.10031152647975078,14.447352024922118,15.0,0.7227414330218068,0.827906976744186,0.8939393939393939,0.930635838150289,0.8980071898639038,-0.09068873935292879,0.43275862068965515,0.10431034482758621,0.1724137931034483
2025,LIMIT_UP,A3_NEAR_LIMIT_LOCKED,MA20_2D,783.0,0.05734759833649807,0.035025008849557476,0.7420178799489144,0.10600255427841634,0.03065134099616858,0.17879948914431673,0.05491698595146871,0.033205619412515965,6.210727969348659,2.0,0.879948914431673,0.3207070707070707,0.2792207792207792,0.4126984126984127,0.5036634218568229,-0.04824658501821556,0.3076923076923077,0.7706821480406386,0.8040638606676342
2024,LIMIT_UP,A3_NEAR_LIMIT_LOCKED,MA20_2D,184.0,0.13788321796902675,0.018351357390180425,0.5597826086956522,0.27717391304347827,0.10326086956521739,0.3967391304347826,0.2717391304347826,0.1956521739130435,15.33695652173913,19.0,0.5815217391304348,0.9090909090909091,0.9423076923076923,0.9230769230769231,0.9196477463070653,-0.025063498553687204,0.3364485981308411,0.1308411214953271,0.205607476635514
2022,LIMIT_UP,A3_NEAR_LIMIT_LOCKED,MA20_2D,140.0,0.07138989525189618,0.01076524110671936,0.5285714285714286,0.2642857142857143,0.09285714285714286,0.2785714285714286,0.16428571428571428,0.11428571428571428,14.92142857142857,18.0,0.5785714285714286,0.8260869565217391,0.8461538461538461,0.8421052631578947,0.8776595640056026,-0.031523176117172265,0.37037037037037035,0.16049382716049382,0.20987654320987653
2023,LIMIT_UP,A3_NEAR_LIMIT_LOCKED,MA20_2D,140.0,0.10913671285046819,0.0437141412803532,0.6142857142857143,0.25,0.12857142857142856,0.38571428571428573,0.2785714285714286,0.18571428571428572,16.52857142857143,20.0,0.5142857142857142,0.9298245614035088,0.926829268292683,0.9629629629629629,0.7514239273508673,-0.020453347067863926,0.2916666666666667,0.125,0.18055555555555555
2026,LIMIT_UP,A3_NEAR_LIMIT_LOCKED,MA20_2D,267.0,0.11725382680121882,0.03556074439461873,0.5543071161048689,0.2883895131086142,0.10861423220973783,0.3857677902621723,0.22846441947565543,0.15730337078651685,15.513108614232209,19.0,0.5880149812734082,0.875,0.8285714285714286,0.8695652173913043,0.896024677949399,-0.04230878244339402,0.34394904458598724,0.15286624203821655,0.2229299363057325
2021,LIMIT_UP,A3_NEAR_LIMIT_LOCKED,MA20_2D,236.0,0.12378424210341057,0.014640784741615866,0.5423728813559322,0.3135593220338983,0.1652542372881356,0.3177966101694915,0.2457627118644068,0.15677966101694915,14.822033898305085,18.0,0.6186440677966102,0.8780487804878049,0.9344262295081968,0.8409090909090909,0.8799754732941718,-0.03514907987748192,0.4589041095890411,0.1232876712328767,0.18493150684931506
2021,NORMAL,B_NORMAL_MOMENTUM,MA20_2D,6890.0,0.013754036136898348,-0.027525272727272596,0.3599419448476052,0.36894049346879537,0.1548621190130624,0.17866473149492018,0.09579100145137881,0.054862119013062406,14.500725689404934,16.0,0.6507982583454281,0.8509142053445851,0.8725099601593626,0.9152542372881356,0.8815584657405503,-0.07057544708963996,0.2834522747546833,0.14183764495985726,0.23461195361284568
2022,NORMAL,B_NORMAL_MOMENTUM,MA20_2D,4943.0,-0.011042230216188127,-0.03417220178799488,0.31944163463483716,0.39490188144851307,0.13412907141412098,0.11369613594982804,0.04329354642929395,0.022455998381549665,13.614404207970868,14.0,0.7191988670847663,0.7939914163090128,0.8385826771653543,0.8409090909090909,0.8208295594707307,-0.06502619633802965,0.2219409282700422,0.12236286919831224,0.19521800281293952
2023,NORMAL,B_NORMAL_MOMENTUM,MA20_2D,5484.0,0.014133979651630579,-0.024202028722803446,0.3838439095550693,0.3287746170678337,0.0939095550692925,0.1639314369073669,0.07804522246535375,0.04175784099197666,14.949124726477024,17.0,0.649343544857768,0.8418560606060606,0.8804123711340206,0.8875968992248062,0.8555898494259202,-0.05611538480110601,0.2381353552372929,0.13479359730412804,0.2204436955911261
2025,NORMAL,B_NORMAL_MOMENTUM,MA20_2D,6120.0,0.009741773582659988,-0.02375270420094364,0.35784313725490197,0.32712418300653595,0.11013071895424836,0.1511437908496732,0.07810457516339869,0.043954248366013075,14.268954248366013,15.0,0.7269607843137255,0.8239564428312159,0.8754578754578755,0.9275862068965517,0.880216291229983,-0.057296950913609986,0.21555405709148123,0.11980220274218925,0.19712294897729826
2026,NORMAL,B_NORMAL_MOMENTUM,MA20_2D,3580.0,0.026627481631173715,-0.04162695488292403,0.34972067039106147,0.45754189944134077,0.20698324022346368,0.211731843575419,0.13910614525139664,0.09804469273743016,13.874022346368715,14.0,0.7075418994413408,0.755533199195171,0.7952,0.8519417475728155,0.8200180731888426,-0.08413475536140894,0.3845242795104619,0.1590998815633636,0.25898144492696407
2024,NORMAL,B_NORMAL_MOMENTUM,MA20_2D,5774.0,0.0003617594449427634,-0.040394587650046415,0.3070661586421891,0.4310703152060963,0.15535157603048147,0.15206096293730517,0.08278489781780395,0.047107724281260824,13.386387253204019,14.0,0.7310356771735366,0.7862318840579711,0.8548387096774194,0.9006622516556292,0.8426332995253688,-0.07034896655848286,0.28642501776830137,0.12698412698412698,0.22340677564558162
2025,LIMIT_UP,A1_ALL_LOCKED,MA20_3D,5955.0,0.03621838571506793,0.0012995609756097613,0.5036104114189757,0.31469353484466833,0.13753148614609573,0.21074727120067172,0.11670864819479429,0.07556675062972293,12.694038623005877,15.0,0.6770780856423174,0.6119700748129676,0.7159209157127991,0.8115942028985508,0.7523804803556998,-0.06783187359658341,0.31572420634920634,0.34226190476190477,0.4322916666666667
2021,LIMIT_UP,A1_ALL_LOCKED,MA20_3D,5997.0,0.03201776268966512,-0.025895046413502074,0.42954810738702687,0.42704685676171417,0.24428881107220277,0.2306153076538269,0.14657328664332167,0.09738202434550608,14.7983991995998,18.0,0.6224779056194764,0.7845975680370585,0.8285984848484849,0.8738738738738738,0.8557188450737478,-0.08276795325750651,0.4109295472810072,0.1623359228502545,0.22153763728904366
2023,LIMIT_UP,A1_ALL_LOCKED,MA20_3D,3519.0,0.034047018672537795,-0.027739970310391358,0.41830065359477125,0.42028985507246375,0.19210002841716398,0.23955669224211423,0.1423699914748508,0.08780903665814152,16.25035521454959,19.0,0.5552713839158852,0.9042437431991295,0.9362101313320825,0.9507692307692308,0.9198132765076837,-0.06879911615627693,0.2998976458546571,0.08034800409416581,0.15097236438075742
2024,LIMIT_UP,A1_ALL_LOCKED,MA20_3D,5040.0,0.02632197020652215,-0.03119772655728967,0.4001984126984127,0.42857142857142855,0.21825396825396826,0.21964285714285714,0.1357142857142857,0.08551587301587302,14.930753968253969,17.0,0.6376984126984127,0.8543307086614174,0.898936170212766,0.9265658747300216,0.9050967791169489,-0.07636791601640319,0.3565650280024891,0.126633478531425,0.19819539514623521
2026,LIMIT_UP,A1_ALL_LOCKED,MA20_3D,4951.0,0.0759524658523155,-0.020563765765765716,0.45122197535851344,0.41345182791355284,0.2260149464754595,0.3070086851141184,0.2201575439305191,0.15693799232478287,15.563118561906686,18.0,0.5829125429206221,0.8686809994189425,0.9026622296173045,0.9192399049881235,0.9143220358701941,-0.08209586405112414,0.42065142065142064,0.12404712404712405,0.21136521136521136
2022,LIMIT_UP,A1_ALL_LOCKED,MA20_3D,3464.0,0.002178837426323037,-0.041342850498338884,0.3648960739030023,0.4630484988452656,0.22806004618937645,0.17494226327944573,0.09786374133949191,0.05369515011547344,14.699480369515012,17.0,0.6466512702078522,0.8158253751705321,0.8596938775510204,0.9029126213592233,0.8605397552383311,-0.07905080742325672,0.30714285714285716,0.10044642857142858,0.15714285714285714
2023,LIMIT_UP,A2_HIST2_LOCKED,MA20_3D,905.0,0.028118538867055405,-0.037406695652173944,0.4066298342541437,0.4607734806629834,0.2883977900552486,0.2718232044198895,0.1734806629834254,0.10939226519337017,16.61988950276243,19.0,0.574585635359116,0.9022556390977443,0.9512195121951219,0.9705882352941176,0.9411888578331721,-0.09112785021020568,0.38076923076923075,0.07884615384615384,0.1519230769230769
2021,LIMIT_UP,A2_HIST2_LOCKED,MA20_3D,2078.0,0.029757282676965476,-0.0406583638857623,0.4066410009624639,0.4773820981713186,0.32146294513955725,0.25745909528392685,0.1645813282001925,0.1126082771896054,15.20259865255053,17.0,0.6443695861405198,0.7938931297709924,0.8162291169451074,0.8666666666666667,0.8538484929379686,-0.10171183101104776,0.45780433159073936,0.12247946228528753,0.17625093353248694
2022,LIMIT_UP,A2_HIST2_LOCKED,MA20_3D,993.0,-0.0008897667040711001,-0.05504925628140703,0.351460221550856,0.5156092648539778,0.3121852970795569,0.1973816717019134,0.12386706948640483,0.07653575025176233,15.060422960725075,16.0,0.6616314199395771,0.8311688311688312,0.8776978417266187,0.9047619047619048,0.8792272645667416,-0.09906911445825317,0.3774733637747336,0.0928462709284627,0.1506849315068493
2025,LIMIT_UP,A2_HIST2_LOCKED,MA20_3D,1506.0,0.04157921114030647,-0.01619174668786447,0.4541832669322709,0.37782204515272244,0.21713147410358566,0.2742363877822045,0.17463479415670652,0.11221779548472775,15.182602921646746,18.0,0.5903054448871182,0.8019607843137255,0.8469055374592834,0.8894736842105263,0.8502399786756909,-0.08149827041008144,0.40382452193475815,0.172103487064117,0.2643419572553431
2026,LIMIT_UP,A2_HIST2_LOCKED,MA20_3D,2054.0,0.09921600374113271,-0.008374010468035407,0.4873417721518987,0.4089581304771178,0.2736124634858812,0.3602726387536514,0.27069133398247325,0.20009737098344693,16.268743914313536,19.0,0.5540408958130477,0.8836363636363637,0.9172185430463576,0.9297052154195011,0.9288328558748111,-0.09471962675146632,0.4929701230228471,0.12390158172231985,0.21528998242530756
2024,LIMIT_UP,A2_HIST2_LOCKED,MA20_3D,1605.0,0.018311159612118908,-0.05214648484848486,0.37009345794392523,0.5059190031152648,0.31277258566978194,0.23800623052959502,0.15202492211838006,0.10342679127725857,15.606853582554518,17.0,0.6404984423676012,0.8767441860465116,0.9242424242424242,0.9595375722543352,0.9304078809291841,-0.09831527523703795,0.41342412451361865,0.08463035019455253,0.1546692607003891
2025,LIMIT_UP,A3_NEAR_LIMIT_LOCKED,MA20_3D,783.0,0.06633927138611939,0.047833578947368366,0.7739463601532567,0.10217113665389528,0.034482758620689655,0.210727969348659,0.06513409961685823,0.038314176245210725,7.395913154533845,3.0,0.8352490421455939,0.3712121212121212,0.3246753246753247,0.47619047619047616,0.5569147186256744,-0.04980471388500921,0.3012232415902141,0.6804281345565749,0.8058103975535168
2024,LIMIT_UP,A3_NEAR_LIMIT_LOCKED,MA20_3D,184.0,0.1422021357804395,0.02848916528162501,0.5543478260869565,0.266304347826087,0.09239130434782608,0.40217391304347827,0.2826086956521739,0.21195652173913043,16.456521739130434,20.0,0.4945652173913043,0.922077922077922,0.9615384615384616,0.9743589743589743,0.9388568343762476,-0.029145965436832712,0.2967032967032967,0.10989010989010989,0.18681318681318682
2022,LIMIT_UP,A3_NEAR_LIMIT_LOCKED,MA20_3D,140.0,0.07023716606546662,0.023621622722314686,0.5428571428571428,0.2785714285714286,0.1357142857142857,0.2857142857142857,0.15714285714285714,0.11428571428571428,15.821428571428571,20.0,0.5142857142857142,0.8695652173913043,0.8461538461538461,0.8421052631578947,0.8983758347856642,-0.03737869470348776,0.375,0.1388888888888889,0.19444444444444445
2023,LIMIT_UP,A3_NEAR_LIMIT_LOCKED,MA20_3D,140.0,0.11239826740354036,0.05135687448088441,0.5928571428571429,0.25,0.15,0.38571428571428573,0.2857142857142857,0.18571428571428572,17.535714285714285,20.0,0.42142857142857143,0.9473684210526315,0.9512195121951219,0.9629629629629629,0.7945090583170167,-0.024792295334239083,0.23728813559322035,0.0847457627118644,0.1016949152542373
2026,LIMIT_UP,A3_NEAR_LIMIT_LOCKED,MA20_3D,267.0,0.11490231540274842,0.03160046743295028,0.5655430711610487,0.30337078651685395,0.1348314606741573,0.39325842696629215,0.23595505617977527,0.15355805243445692,16.471910112359552,20.0,0.5243445692883895,0.9107142857142857,0.8714285714285714,0.8913043478260869,0.9066882677188959,-0.048734367073352505,0.38571428571428573,0.14285714285714285,0.21428571428571427
2021,LIMIT_UP,A3_NEAR_LIMIT_LOCKED,MA20_3D,236.0,0.13175110627328826,0.0131402986686627,0.5254237288135594,0.3177966101694915,0.1652542372881356,0.3220338983050847,0.2457627118644068,0.18220338983050846,16.110169491525422,20.0,0.5211864406779662,0.9024390243902439,0.9508196721311475,0.9772727272727273,0.9400128737716116,-0.043298115881221684,0.4065040650406504,0.056910569105691054,0.12195121951219512
2021,NORMAL,B_NORMAL_MOMENTUM,MA20_3D,6890.0,0.01447971214210416,-0.027633162900309514,0.3760522496371553,0.37924528301886795,0.16850507982583454,0.18722786647314948,0.10029027576197387,0.057039187227866474,15.636139332365747,19.0,0.5685050798258345,0.9008438818565401,0.9176626826029216,0.9515738498789347,0.9240702340942493,-0.07555352770060884,0.2724023487362778,0.11922389583865203,0.20372734235384224
2022,NORMAL,B_NORMAL_MOMENTUM,MA20_3D,4943.0,-0.011118469201926013,-0.033975718832891216,0.3329961561804572,0.4106817722031155,0.16042888933845842,0.12239530649403196,0.04673275338863039,0.023669836131903703,14.86162249645964,16.0,0.641513251062108,0.8612303290414879,0.905511811023622,0.8863636363636364,0.8737729802022488,-0.07102738276377064,0.21444339325134026,0.09744560075685904,0.16367076631977295
2023,NORMAL,B_NORMAL_MOMENTUM,MA20_3D,5484.0,0.015745237981245983,-0.02331651851851849,0.4020787746170678,0.33388037928519326,0.11032093362509117,0.17432530999270604,0.08296863603209337,0.043946024799416485,16.041940189642595,19.0,0.5698395331874544,0.9005681818181818,0.9360824742268041,0.9341085271317829,0.9077578419334374,-0.06020844989796141,0.23136,0.11392,0.1952
2025,NORMAL,B_NORMAL_MOMENTUM,MA20_3D,6120.0,0.010308398846645826,-0.023889326457301605,0.3712418300653595,0.34362745098039216,0.12124183006535948,0.16029411764705884,0.08235294117647059,0.045098039215686274,15.409967320261439,17.0,0.64640522875817,0.8802177858439202,0.9212454212454212,0.9517241379310345,0.9172376029716168,-0.06259314466005762,0.2019716885743175,0.10364004044489383,0.17391304347826086
2026,NORMAL,B_NORMAL_MOMENTUM,MA20_3D,3580.0,0.031083089693757716,-0.04197765807155515,0.3715083798882682,0.464804469273743,0.22849162011173185,0.23491620111731842,0.15446927374301675,0.10614525139664804,15.215921787709497,17.0,0.6282122905027933,0.8390342052313883,0.8848,0.9223300970873787,0.88660002703472,-0.08988580536558044,0.3748332592263228,0.12761227212094264,0.22143174744330812
2024,NORMAL,B_NORMAL_MOMENTUM,MA20_3D,5774.0,0.0018753667608961703,-0.04104581016085365,0.3304468306200208,0.44423276757880154,0.17855905784551437,0.16470384482161413,0.08711465188777277,0.048839625909248355,14.67925181849671,16.0,0.6537928645652927,0.8577898550724637,0.899641577060932,0.9337748344370861,0.8961725415583716,-0.07609380491435261,0.27947019867549666,0.10754966887417218,0.1947019867549669
2025,LIMIT_UP,A1_ALL_LOCKED,STOP_5,5955.0,0.04991548682110518,-0.023345140649149974,0.46616288832913516,0.40520570948782536,0.05491183879093199,0.2864819479429051,0.14005037783375315,0.08211586901763224,13.658774139378673,20.0,0.47842149454240135,0.8508728179551123,0.8678459937565036,0.8858695652173914,0.8693070609199346,-0.05533418819707607,0.365040365040365,0.19445419445419446,0.29238329238329236
2021,LIMIT_UP,A1_ALL_LOCKED,STOP_5,5997.0,0.03930759300828837,-0.05156058992805759,0.35917958979489745,0.5107553776888444,0.09571452392863099,0.22761380690345173,0.14457228614307155,0.09404702351175588,12.112889778222444,13.0,0.5877938969484743,0.7903879559930516,0.8210227272727273,0.8468468468468469,0.8338483300524209,-0.05842493374464785,0.38893617021276594,0.16425531914893618,0.2521985815602837
2023,LIMIT_UP,A1_ALL_LOCKED,STOP_5,3519.0,0.029921494174630543,-0.05109429629629628,0.3452685421994885,0.5095197499289571,0.061381074168797956,0.20801364023870417,0.12418300653594772,0.07871554418868996,12.29894856493322,13.0,0.5794259732878658,0.7965179542981502,0.8198874296435272,0.8523076923076923,0.8222270701316388,-0.0512490823536083,0.3393820500245218,0.15007356547327122,0.23442864149092693
2024,LIMIT_UP,A1_ALL_LOCKED,STOP_5,5040.0,0.02818053302147749,-0.05342207955016601,0.3343253968253968,0.530952380952381,0.08055555555555556,0.20595238095238094,0.12738095238095237,0.08115079365079365,12.326190476190476,13.0,0.594047619047619,0.8173228346456692,0.8537234042553191,0.8833693304535637,0.8604284292728935,-0.05697421416983028,0.3623914495657983,0.15130260521042085,0.24415497661990648
2026,LIMIT_UP,A1_ALL_LOCKED,STOP_5,4951.0,0.06327527281467284,-0.05025254545454541,0.3445768531609776,0.5033326600686729,0.08988083215512017,0.2524742476267421,0.18662896384568775,0.13835588769945464,11.794990910927085,11.0,0.6168450818016562,0.726321905868681,0.7687188019966722,0.8135391923990499,0.7936402815703218,-0.06092209504864606,0.4793713163064833,0.20530451866404714,0.3333333333333333
2022,LIMIT_UP,A1_ALL_LOCKED,STOP_5,3464.0,0.0052747877601021795,-0.05479799999999993,0.2924364896073903,0.5487875288683602,0.08342956120092379,0.16570438799076212,0.09266743648960739,0.048787528868360276,11.513568129330254,10.0,0.6463625866050808,0.7830832196452933,0.8188775510204082,0.8203883495145631,0.8147879866405883,-0.05989105736944929,0.3278249218401072,0.1478338543992854,0.22286735149620365
2023,LIMIT_UP,A2_HIST2_LOCKED,STOP_5,905.0,0.02640646464192549,-0.05466676640419946,0.3138121546961326,0.5502762430939226,0.09723756906077348,0.2265193370165746,0.14585635359116023,0.09502762430939227,11.387845303867403,10.0,0.63646408839779,0.7706766917293233,0.8048780487804879,0.8431372549019608,0.8107216742217317,-0.06072064340904473,0.4375,0.1753472222222222,0.265625
2021,LIMIT_UP,A2_HIST2_LOCKED,STOP_5,2078.0,0.04061123479161976,-0.05499576729127528,0.3262752646775746,0.5389797882579404,0.13570741097208855,0.23484119345524543,0.15399422521655437,0.10587102983638114,11.433589990375362,10.0,0.638594802694899,0.7450381679389313,0.7637231503579952,0.8148148148148148,0.8065534703280224,-0.06611385837810196,0.46571213262999245,0.17558402411454407,0.26752072343632255
2022,LIMIT_UP,A2_HIST2_LOCKED,STOP_5,993.0,0.004941630511843183,-0.057859224489795996,0.24874118831822759,0.594159113796576,0.11782477341389729,0.1691842900302115,0.10976837865055387,0.06948640483383686,10.328298086606244,8.0,0.7129909365558912,0.7272727272727273,0.7841726618705036,0.8214285714285714,0.792930906702548,-0.06723847295805989,0.4180790960451977,0.17796610169491525,0.269774011299435
2025,LIMIT_UP,A2_HIST2_LOCKED,STOP_5,1506.0,0.042433449418446643,-0.04779917758118982,0.37782204515272244,0.48273572377158036,0.09428950863213811,0.2596281540504648,0.16533864541832669,0.10823373173970784,12.122177954847277,12.0,0.5803452855245684,0.7666666666666667,0.8110749185667753,0.8578947368421053,0.8138721408648856,-0.05909380337349042,0.4439359267734554,0.2345537757437071,0.32494279176201374
2026,LIMIT_UP,A2_HIST2_LOCKED,STOP_5,2054.0,0.07828538406074392,-0.050812576743286125,0.34615384615384615,0.5077896786757546,0.12074001947419669,0.2736124634858812,0.21421616358325218,0.1679649464459591,11.426484907497565,10.0,0.631937682570594,0.6812121212121212,0.7284768211920529,0.782312925170068,0.764984093893378,-0.06468500887887463,0.5824345146379045,0.2580893682588598,0.3975346687211094
2024,LIMIT_UP,A2_HIST2_LOCKED,STOP_5,1605.0,0.021877588516542337,-0.05742957894736847,0.28473520249221185,0.5763239875389408,0.1102803738317757,0.20062305295950156,0.13271028037383178,0.09283489096573208,11.115264797507788,9.0,0.6735202492211838,0.7488372093023256,0.8068181818181818,0.861271676300578,0.8139858610964944,-0.06485422618121596,0.4246068455134135,0.17668825161887142,0.27474560592044406
2025,LIMIT_UP,A3_NEAR_LIMIT_LOCKED,STOP_5,783.0,0.11218818863994567,0.09534713788098678,0.7675606641123882,0.16347381864623245,0.02937420178799489,0.4827586206896552,0.19029374201787994,0.07790549169859515,17.563218390804597,20.0,0.1966794380587484,0.9545454545454546,0.9675324675324676,0.9682539682539683,0.9619448190204515,-0.04884442796339664,0.4935064935064935,0.2077922077922078,0.3116883116883117
2024,LIMIT_UP,A3_NEAR_LIMIT_LOCKED,STOP_5,184.0,0.14162689283371127,0.007944136555427552,0.5108695652173914,0.3967391304347826,0.059782608695652176,0.3858695652173913,0.2826086956521739,0.21195652173913043,14.744565217391305,20.0,0.41304347826086957,0.922077922077922,1.0,1.0,0.9731665631819821,-0.023668911722237795,0.3684210526315789,0.18421052631578946,0.23684210526315788
2022,LIMIT_UP,A3_NEAR_LIMIT_LOCKED,STOP_5,140.0,0.06855052216678487,-0.0014901037140249464,0.4785714285714286,0.37142857142857144,0.08571428571428572,0.2642857142857143,0.15,0.11428571428571428,14.65,20.0,0.4357142857142857,0.8043478260869565,0.8076923076923077,0.8421052631578947,0.8620291490044422,-0.03157873558310047,0.2786885245901639,0.09836065573770492,0.13114754098360656
2023,LIMIT_UP,A3_NEAR_LIMIT_LOCKED,STOP_5,140.0,0.11772483031230056,0.0437141412803532,0.6142857142857143,0.2785714285714286,0.06428571428571428,0.38571428571428573,0.2785714285714286,0.18571428571428572,16.22142857142857,20.0,0.3,0.9473684210526315,0.9512195121951219,0.9629629629629629,0.7869641104547136,-0.018233367509915537,0.19047619047619047,0.09523809523809523,0.09523809523809523
2026,LIMIT_UP,A3_NEAR_LIMIT_LOCKED,STOP_5,267.0,0.11391816198202992,0.00021034724540899483,0.50187265917603,0.3895131086142322,0.056179775280898875,0.37453183520599254,0.23595505617977527,0.16104868913857678,14.790262172284644,20.0,0.4419475655430712,0.8928571428571429,0.9,0.9347826086956522,0.8964874651728029,-0.0371404567054475,0.4067796610169492,0.1440677966101695,0.2457627118644068
2021,LIMIT_UP,A3_NEAR_LIMIT_LOCKED,STOP_5,236.0,0.13990645444102082,-0.00047941689571687554,0.5,0.3771186440677966,0.09322033898305085,0.3135593220338983,0.23728813559322035,0.17796610169491525,14.423728813559322,20.0,0.4364406779661017,0.9024390243902439,0.9180327868852459,0.9545454545454546,0.9579704068876039,-0.02864415845607129,0.39805825242718446,0.07766990291262135,0.17475728155339806
2021,NORMAL,B_NORMAL_MOMENTUM,STOP_5,6890.0,0.014424486163881946,-0.04704192677591443,0.34963715529753264,0.47779390420899853,0.07198838896952105,0.1676342525399129,0.08911465892597968,0.04934687953555878,13.13701015965167,17.0,0.5412191582002903,0.8122362869198312,0.8154050464807437,0.8232445520581114,0.8221986762711175,-0.059055508586180194,0.29793510324483774,0.14802896218825423,0.23759721104853848
2022,NORMAL,B_NORMAL_MOMENTUM,STOP_5,4943.0,-0.011510099825171066,-0.05191841884816764,0.30588711308921707,0.5154764313170139,0.062310337851507185,0.112482298199474,0.04106817722031155,0.020230629172567266,12.871535504754197,14.0,0.5785959943354239,0.7954220314735336,0.7992125984251969,0.7575757575757576,0.7873830360752245,-0.058644199287784235,0.25314685314685315,0.12797202797202797,0.21503496503496503
2023,NORMAL,B_NORMAL_MOMENTUM,STOP_5,5484.0,0.012287265172767528,-0.040931125658527606,0.38074398249452956,0.4449307075127644,0.04230488694383661,0.15900802334062727,0.07512764405543398,0.04011670313639679,14.084792122538293,20.0,0.49161196207148067,0.8257575757575758,0.8494845360824742,0.8527131782945736,0.8208940558782353,-0.05162091433512878,0.28078635014836795,0.15281899109792285,0.24777448071216618
2025,NORMAL,B_NORMAL_MOMENTUM,STOP_5,6120.0,0.00573753272615323,-0.04663104962056733,0.3341503267973856,0.4714052287581699,0.047058823529411764,0.14526143790849674,0.07107843137254902,0.039052287581699346,13.919607843137255,18.0,0.5320261437908497,0.8067150635208712,0.7967032967032966,0.8241379310344827,0.8194081214787579,-0.053944440942175265,0.26259213759213756,0.13482800982800983,0.22665847665847666
2026,NORMAL,B_NORMAL_MOMENTUM,STOP_5,3580.0,0.019179798663024824,-0.05479800000000004,0.2877094972067039,0.5458100558659218,0.09134078212290503,0.18268156424581006,0.11871508379888268,0.0824022346368715,11.074581005586593,9.0,0.6645251396648044,0.6579476861167002,0.68,0.7160194174757282,0.692595662429907,-0.06778030284485456,0.42202606137032367,0.20849096258932326,0.3400588482555696
2024,NORMAL,B_NORMAL_MOMENTUM,STOP_5,5774.0,0.00263952844609064,-0.05340911111111116,0.2952892275718739,0.5400069276065119,0.06113612746795982,0.1485971596813301,0.07914790439903013,0.04399030135088327,12.156737097332872,12.0,0.6148250779355733,0.7771739130434783,0.8189964157706093,0.8410596026490066,0.8065983439351101,-0.061069775239504166,0.2923943661971831,0.14309859154929577,0.2540845070422535
2025,LIMIT_UP,A1_ALL_LOCKED,STOP_7,5955.0,0.05235973057486296,0.007547679012345512,0.5148614609571789,0.39680940386230057,0.10226700251889169,0.3062972292191436,0.1486146095717884,0.08614609571788413,15.42031905961377,20.0,0.38052057094878255,0.9097256857855361,0.9209157127991675,0.9293478260869565,0.922425467030884,-0.06266575991098827,0.3609885260370697,0.14474845542806708,0.22859664607237423
2021,LIMIT_UP,A1_ALL_LOCKED,STOP_7,5997.0,0.039949404437129535,-0.05771523202170972,0.39919959979989994,0.5214273803568451,0.1617475404368851,0.247957311989328,0.15541103885275973,0.09938302484575622,13.821744205436051,20.0,0.5042521260630315,0.8610306890561668,0.8825757575757576,0.8948948948948949,0.8869476752728228,-0.06719726957062207,0.3816137566137566,0.12202380952380952,0.19973544973544974
2023,LIMIT_UP,A1_ALL_LOCKED,STOP_7,3519.0,0.03287568636217684,-0.050141137254901796,0.3893151463483944,0.5001420858198352,0.10542767831770389,0.22762148337595908,0.13526570048309178,0.08525149190110827,14.36999147485081,20.0,0.47144075021312876,0.8715995647442872,0.8930581613508443,0.9230769230769231,0.8883991068225142,-0.058513522697623284,0.325497287522604,0.11271850512356842,0.19288728149487644
2024,LIMIT_UP,A1_ALL_LOCKED,STOP_7,5040.0,0.02735728082305322,-0.06179951176696227,0.37063492063492065,0.5347222222222222,0.14444444444444443,0.21984126984126984,0.1353174603174603,0.08511904761904762,14.13968253968254,20.0,0.5037698412698413,0.8724409448818897,0.9069148936170213,0.9265658747300216,0.9064970761934387,-0.06589658423194229,0.35407640803465934,0.10161480897991335,0.19023237495076803
2026,LIMIT_UP,A1_ALL_LOCKED,STOP_7,4951.0,0.06602917878117114,-0.05946037942122198,0.3853766915774591,0.5358513431629974,0.16138153908301353,0.27852958998182187,0.20420117148050898,0.14906079579882853,13.483336699656634,17.0,0.5340335285800848,0.8012783265543288,0.8410981697171381,0.8764845605700713,0.8563471105271252,-0.07038145157694355,0.48373676248108927,0.17397881996974282,0.28857791225416035
2022,LIMIT_UP,A1_ALL_LOCKED,STOP_7,3464.0,0.004154669165270126,-0.06462705982905989,0.33429561200923785,0.5649538106235565,0.15704387990762125,0.1798498845265589,0.09930715935334873,0.05282909930715935,13.520496535796767,17.0,0.5435912240184757,0.849931787175989,0.8775510204081632,0.8883495145631068,0.8750825739525269,-0.06932882776853869,0.3117365905469995,0.10355815188528943,0.16250663834306958
2023,LIMIT_UP,A2_HIST2_LOCKED,STOP_7,905.0,0.027960727767024907,-0.06674490265486724,0.3546961325966851,0.5668508287292817,0.1734806629834254,0.24861878453038674,0.16022099447513813,0.10276243093922652,13.279558011049724,16.0,0.5558011049723757,0.8458646616541353,0.8841463414634146,0.9117647058823529,0.8810260929035683,-0.06946616892694754,0.4194831013916501,0.12922465208747516,0.220675944333996
2021,LIMIT_UP,A2_HIST2_LOCKED,STOP_7,2078.0,0.039617562613914,-0.06928746947480671,0.3604427333974976,0.5822906641000962,0.21270452358036573,0.2564966313763234,0.1660250240615977,0.1126082771896054,12.892204042348412,15.0,0.5741097208854667,0.8137404580152672,0.8233890214797136,0.8666666666666667,0.8563064939933981,-0.0759974696495735,0.46018440905280805,0.15423302598491198,0.2363788767812238
2022,LIMIT_UP,A2_HIST2_LOCKED,STOP_7,993.0,0.002005791721839849,-0.07083573584905659,0.283987915407855,0.6273917421953675,0.2084592145015106,0.18328298086606243,0.11681772406847936,0.0755287009063444,12.321248741188318,12.0,0.6203423967774421,0.7878787878787878,0.8345323741007195,0.8928571428571429,0.8460592909068788,-0.07793511590546658,0.39935064935064934,0.1266233766233766,0.21103896103896103
2025,LIMIT_UP,A2_HIST2_LOCKED,STOP_7,1506.0,0.04499060331509114,-0.04660048184365531,0.4302788844621514,0.49269588313413015,0.15869853917662682,0.2868525896414343,0.17729083665338646,0.11288180610889774,13.871845949535192,20.0,0.4900398406374502,0.8470588235294118,0.8697068403908795,0.8947368421052632,0.875001351627231,-0.06783160887269182,0.462059620596206,0.1937669376693767,0.2682926829268293
2026,LIMIT_UP,A2_HIST2_LOCKED,STOP_7,2054.0,0.08162634637238872,-0.0617558338502808,0.38412852969815,0.5438169425511198,0.2059396299902629,0.30331061343719573,0.2370983446932814,0.18111002921129504,12.856864654333009,15.0,0.5613437195715677,0.7551515151515151,0.8062913907284768,0.8435374149659864,0.8252139863271001,-0.07490399505644457,0.5871639202081527,0.23070251517779705,0.3590633130962706
2024,LIMIT_UP,A2_HIST2_LOCKED,STOP_7,1605.0,0.018966797298234146,-0.07293796316758741,0.32149532710280376,0.6186915887850467,0.2043613707165109,0.21869158878504674,0.1426791277258567,0.09844236760124611,12.773831775700934,14.0,0.6062305295950156,0.8162790697674419,0.8674242424242424,0.9132947976878613,0.8665014458461755,-0.07575351001901107,0.41623843782117165,0.12332990750256938,0.21788283658787255
2025,LIMIT_UP,A3_NEAR_LIMIT_LOCKED,STOP_7,783.0,0.11671698739372363,0.09769101903367491,0.8045977011494253,0.13793103448275862,0.03065134099616858,0.4929757343550447,0.19284802043422733,0.07918263090676884,18.413793103448278,20.0,0.13793103448275862,0.9747474747474747,0.9805194805194806,0.9841269841269841,0.9778591883515307,-0.05058937207693313,0.39814814814814814,0.1574074074074074,0.25925925925925924
2024,LIMIT_UP,A3_NEAR_LIMIT_LOCKED,STOP_7,184.0,0.1390143173506682,0.013319610001938233,0.5217391304347826,0.3858695652173913,0.09239130434782608,0.3858695652173913,0.2826086956521739,0.21195652173913043,15.967391304347826,20.0,0.34782608695652173,0.922077922077922,1.0,1.0,0.9731665631819821,-0.027898689837173352,0.375,0.15625,0.203125
2022,LIMIT_UP,A3_NEAR_LIMIT_LOCKED,STOP_7,140.0,0.06977734926067161,0.009106305942992745,0.5071428571428571,0.35,0.11428571428571428,0.2857142857142857,0.16428571428571428,0.12142857142857143,16.0,20.0,0.36428571428571427,0.8695652173913043,0.8846153846153846,0.8947368421052632,0.9092207055897504,-0.037556372276104026,0.3137254901960784,0.0784313725490196,0.11764705882352941
2023,LIMIT_UP,A3_NEAR_LIMIT_LOCKED,STOP_7,140.0,0.1153244774596174,0.0437141412803532,0.6142857142857143,0.29285714285714287,0.07857142857142857,0.38571428571428573,0.2785714285714286,0.18571428571428572,16.87142857142857,20.0,0.2714285714285714,0.9473684210526315,0.9512195121951219,0.9629629629629629,0.7869641104547136,-0.02159426883692307,0.21052631578947367,0.05263157894736842,0.05263157894736842
2026,LIMIT_UP,A3_NEAR_LIMIT_LOCKED,STOP_7,267.0,0.11478470665862171,0.0037126382978723525,0.5131086142322098,0.4044943820224719,0.10486891385767791,0.3857677902621723,0.24719101123595505,0.16853932584269662,16.05243445692884,20.0,0.36704119850187267,0.9196428571428571,0.9428571428571428,0.9782608695652174,0.9388364525705584,-0.0444845906135701,0.4387755102040816,0.1326530612244898,0.23469387755102042
2021,LIMIT_UP,A3_NEAR_LIMIT_LOCKED,STOP_7,236.0,0.13659571498364856,0.006688054709241133,0.5169491525423728,0.3983050847457627,0.16101694915254236,0.3220338983050847,0.2457627118644068,0.18220338983050846,15.576271186440678,20.0,0.3686440677966102,0.926829268292683,0.9508196721311475,0.9772727272727273,0.9704576894193364,-0.03603260961900526,0.4482758620689655,0.034482758620689655,0.14942528735632185
2021,NORMAL,B_NORMAL_MOMENTUM,STOP_7,6890.0,0.014573857044216135,-0.0411438513943764,0.38505079825834543,0.47677793904209,0.1297532656023222,0.18287373004354138,0.09666182873730043,0.05355587808417997,15.025979680696661,20.0,0.43686502177068215,0.8860759493670886,0.8844621513944223,0.8934624697336562,0.8869706297125117,-0.06707589334350515,0.29601328903654484,0.1026578073089701,0.17674418604651163
2022,NORMAL,B_NORMAL_MOMENTUM,STOP_7,4943.0,-0.012386771141757378,-0.05253069689737469,0.34412300222536923,0.5090026299817925,0.13149908962168724,0.12482298199474004,0.04511430305482501,0.022455998381549665,14.82095893182278,20.0,0.471575966012543,0.882689556509299,0.8779527559055118,0.8409090909090909,0.8703362969614896,-0.06742104897155271,0.2385242385242385,0.08322608322608323,0.148005148005148
2023,NORMAL,B_NORMAL_MOMENTUM,STOP_7,5484.0,0.014972597519405082,-0.022724264588597918,0.42414296134208607,0.4101021152443472,0.07932166301969365,0.17469000729394601,0.08096280087527352,0.043034281546316555,16.183078045222466,20.0,0.3595915390226112,0.9071969696969697,0.9154639175257732,0.9147286821705426,0.8976166353585242,-0.058120503392027914,0.28600405679513186,0.10598377281947262,0.18559837728194725
2025,NORMAL,B_NORMAL_MOMENTUM,STOP_7,6120.0,0.007000276738833654,-0.0355899372696776,0.37173202614379086,0.44950980392156864,0.09264705882352942,0.1607843137254902,0.07908496732026143,0.04330065359477124,15.820424836601306,20.0,0.4053921568627451,0.8929219600725953,0.8864468864468864,0.9137931034482759,0.8993029777699235,-0.06176000556175455,0.25272067714631197,0.08746473196291818,0.16243450221684805
2026,NORMAL,B_NORMAL_MOMENTUM,STOP_7,3580.0,0.02268782152079953,-0.06462705982905984,0.33435754189944134,0.5664804469273743,0.15810055865921788,0.21145251396648046,0.13687150837988826,0.09385474860335195,13.073463687150838,15.0,0.5611731843575419,0.761569416498994,0.784,0.8155339805825242,0.7842530143948744,-0.07763782707938682,0.43902439024390244,0.17421602787456447,0.2946739671478347
2024,NORMAL,B_NORMAL_MOMENTUM,STOP_7,5774.0,0.00408469795266241,-0.05638553460280174,0.3462071354347073,0.5155871146518878,0.12105992379632836,0.16643574644960166,0.08659508139937652,0.04814686525805334,14.509005888465536,20.0,0.4818150329061309,0.8704710144927537,0.8960573476702509,0.9205298013245033,0.8932276624772494,-0.0699792276526033,0.293314162473041,0.09597411933860532,0.17936736161035227
